{
  "k_col_one": 140.24806554392353,
  "k_story": 420.7441966317706,
  "K_matrix": [
    [
      841.4883932635412,
      -420.7441966317706,
      0.0
    ],
    [
      -420.7441966317706,
      841.4883932635412,
      -420.7441966317706
    ],
    [
      0.0,
      -420.7441966317706,
      420.7441966317706
    ]
  ],
  "M_matrix": [
    [
      0.38819875776397517,
      0.0,
      0.0
    ],
    [
      0.0,
      0.38819875776397517,
      0.0
    ],
    [
      0.0,
      0.0,
      0.38819875776397517
    ]
  ],
  "m_floor": 0.38819875776397517,
  "omega_sq": [
    214.66722024527854,
    1685.3212355690152,
    3519.196796802911
  ],
  "omega": [
    14.651526208736021,
    41.05266417139106,
    59.3228185170168
  ],
  "periods": [
    0.4288416931905166,
    0.15305182827959402,
    0.10591515144172135
  ],
  "frequencies": [
    2.3318628199607945,
    6.533734429968435,
    9.441519805126644
  ],
  "mode_shapes": [
    [
      0.44504186791262923,
      -1.2469796037174676,
      1.8019377358048378
    ],
    [
      0.8019377358048383,
      -0.5549581320873705,
      -2.2469796037174667
    ],
    [
      1.0,
      1.0,
      1.0
    ]
  ],
  "Gamma": [
    1.2204109352796055,
    -0.28011019135741216,
    0.05969925607780664
  ],
  "M_eff": [
    1.0645335713226056,
    0.08720144900350273,
    0.012861252965817239
  ],
  "M_total": 1.1645962732919255,
  "T1_fixed": 0.4288416931905166,
  "phi1_fixed": [
    0.44504186791262923,
    0.8019377358048383,
    1.0
  ],
  "Leff": 152.0,
  "mu_eff": 0.08789473684210528,
  "D_design": 7.128176747439393,
  "T_isolated": 2.324452507895924,
  "Keff_total": 8.509298881390572,
  "Keff_per_bearing": 2.836432960463524,
  "beta_eff": 0.41512918712466057,
  "BL": 1.9151291871246605,
  "D_mce": 14.744682010464773,
  "T_mce": 2.8543528780596663,
  "periods_iso": [
    2.539708622660896,
    0.21827169593985854,
    0.1217671686949466,
    0.09772982996861229
  ],
  "mode_shapes_iso": [
    [
      1.0,
      1.0,
      1.0,
      1.0
    ],
    [
      1.017400833770922,
      0.6379537963534274,
      -0.2080780891015717,
      -0.8866033413719399
    ],
    [
      1.0290562705073292,
      -0.21183437280593995,
      -0.9049905087096595,
      0.6079930108918842
    ],
    [
      1.034900490416824,
      -0.8996664348833777,
      0.6213012603943397,
      -0.21608651616056007
    ]
  ],
  "Gamma_iso": [
    0.9771566546473378,
    0.015019367137592428,
    0.004708900325155668,
    0.0031150778899145474
  ],
  "M_eff_iso": [
    1.3585199558727001,
    0.00015423414155001325,
    1.504921875562772e-05,
    6.412940907082297e-06
  ],
  "Cs_design": 0.1875,
  "V_fixed": 84.375,
  "Fx": [
    14.0625,
    28.125,
    42.1875
  ],
  "Cvx": [
    0.16666666666666666,
    0.3333333333333333,
    0.5
  ],
  "delta_elastic": [
    0.20053752535496958,
    0.3676521298174442,
    0.467920892494929
  ],
  "delta_design": [
    0.7353042596348884,
    1.3480578093306288,
    1.7157099391480732
  ],
  "drift_ratio": [
    0.004713488843813387,
    0.00392790736984449,
    0.002356744421906695
  ],
  "max_drift_fixed": 0.004713488843813387,
  "roof_disp_fixed_elf": 1.7157099391480732,
  "K_elastic": 187.2487831824016,
  "V_first_yield": 326.92307692307696,
  "delta_first_yield": 1.7459289794402386,
  "V_mechanism": 442.47431867467145,
  "V_mechanism1": 481.4102564102564,
  "V_full_mechanism": 442.47431867467145,
  "Mp_col": 11700.0,
  "Mp_beam": 10000.0,
  "roof_disp_fixed": [
    0.0,
    0.5908,
    1.1815,
    1.7723,
    2.363,
    2.5993,
    3.0719,
    3.7808,
    4.7261,
    5.9076,
    7.0891,
    9.4521,
    11.8151,
    14.1782
  ],
  "base_shear_fixed": [
    0.0,
    110.62,
    221.24,
    331.86,
    442.47,
    447.58,
    452.95,
    456.7,
    459.07,
    460.58,
    453.54,
    475.66,
    497.78,
    519.91
  ],
  "roof_disp_isolated": [
    0.0,
    0.01,
    0.02,
    0.5,
    1.0,
    2.0,
    4.0,
    6.0,
    8.0,
    10.0,
    7.1282,
    15.0,
    18.0
  ],
  "base_shear_isolated": [
    0.0,
    19.81,
    39.61,
    41.03,
    42.51,
    45.47,
    51.39,
    57.32,
    63.24,
    69.16,
    60.66,
    83.96,
    92.84
  ],
  "Qd": 39.55263157894738,
  "K_post": 2.960526315789474,
  "K_initial_bearing": 1980.5921052631581,
  "V_iso_design": 30.32789321167016,
  "delta_e_iso": 0.1619657692628493,
  "drift_iso_max": 0.0003460807035530968,
  "hinges_fixed": 15,
  "hinges_isolated": 0,
  "D_lb": 9.070867532808185,
  "T_lb": 2.6260720025957256,
  "D_ub": 5.092751161694181,
  "T_ub": 1.6474375496007387,
  "mu_eff_lower": 0.07471052631578948,
  "mu_eff_upper": 0.1582105263157895,
  "lambda_min": 0.85,
  "lambda_max": 1.8,
  "V_y_colbase": 450.0,
  "V_y_beam": 384.61538461538464,
  "k_exp": 1.0,
  "wxhxk": [
    23400.0,
    46800.0,
    70200.0
  ],
  "V_story": [
    84.375,
    70.3125,
    42.1875
  ],
  "beta_mce_final": 0.3026330189225322,
  "BM_final": 1.7052660378450644,
  "Keff_mce_final": 5.643126770164625,
  "rho": 0.5947712418300652,
  "EI_col_over_h": 284423.07692307694,
  "EI_beam_over_L": 169166.66666666666,
  "K_postyield": 9.36243915912008,
  "V_super": 30.32789321167016,
  "n_beam_hinges": 12,
  "d3_cap": 15.0,
  "D_y_bearing": 0.02,
  "F_pattern_norm": [
    0.19806226419516187,
    0.3568958678922094,
    0.4450418679126287
  ],
  "h_eff": 350.52881817992477,
  "eigenvalues_iso": [
    6.120571135071997,
    828.6380868639437,
    2662.5594936246075,
    4133.381109877384
  ],
  "Cs": 0.1875,
  "Cs_min": 0.066,
  "Cs_upper": 0.2623345672455894
}